latitude,,longitude
40.4402687,,-79.94226167
40.44026866,,-79.94226173
40.44026861,,-79.94226179
40.44026856,,-79.94226185
40.44026852,,-79.9422619
40.44026848,,-79.94226193
40.44026844,,-79.94226196
40.44026839,,-79.94226199
40.44026835,,-79.94226201
40.44026831,,-79.94226202
40.44026828,,-79.94226206
40.44026825,,-79.94226209
40.4402682,,-79.94226214
40.44026814,,-79.94226219
40.4402681,,-79.94226224
40.44026804,,-79.94226231
40.44026798,,-79.94226238
40.44026792,,-79.94226244
40.44026785,,-79.94226254
40.44026777,,-79.94226264
40.44026769,,-79.94226274
40.44026759,,-79.94226286
40.44026747,,-79.94226298
40.44026734,,-79.9422631
40.44026719,,-79.94226325
40.44026703,,-79.94226339
40.44026686,,-79.94226353
40.4402667,,-79.94226366
40.44026654,,-79.9422638
40.44026639,,-79.94226395
40.44026624,,-79.94226411
40.44026609,,-79.94226427
40.44026593,,-79.94226442
40.44026576,,-79.94226457
40.44026558,,-79.94226472
40.44026539,,-79.94226486
40.44026521,,-79.94226503
40.44026502,,-79.94226521
40.44026487,,-79.94226537
40.44026471,,-79.94226554
40.44026456,,-79.9422657
40.44026442,,-79.94226584
40.4402643,,-79.94226597
40.44026419,,-79.94226613
40.44026408,,-79.94226627
40.44026398,,-79.9422664
40.44026389,,-79.94226651
40.44026381,,-79.94226662
40.44026372,,-79.94226674
40.44026363,,-79.94226685
40.44026352,,-79.94226695
40.44026341,,-79.94226705
40.4402633,,-79.94226714
40.44026319,,-79.94226723
40.44026312,,-79.94226729
40.44026309,,-79.94226732
40.44026307,,-79.94226734
40.44026305,,-79.94226735
40.44026305,,-79.94226738
40.44026302,,-79.94226743
40.44026299,,-79.94226747
40.44026294,,-79.94226754
40.44026289,,-79.94226759
40.44026282,,-79.94226766
40.4402627,,-79.9422678
40.44026248,,-79.94226801
40.44026214,,-79.94226831
40.44026163,,-79.94226873
40.44026101,,-79.94226939
40.4402602,,-79.94227021
40.44025923,,-79.9422712
40.44025813,,-79.94227238
40.4402569,,-79.94227367
40.44025569,,-79.942275
40.44025448,,-79.94227629
40.44025327,,-79.94227752
40.44025214,,-79.94227874
40.44025099,,-79.94227992
40.44024991,,-79.94228115
40.44024884,,-79.94228241
40.44024774,,-79.94228363
40.44024665,,-79.94228488
40.44024556,,-79.94228616
40.44024444,,-79.94228748
40.44024335,,-79.94228879
40.4402423,,-79.94229011
40.44024119,,-79.9422915
40.44024012,,-79.94229286
40.44023904,,-79.94229425
40.44023796,,-79.94229566
40.44023691,,-79.94229705
40.44023582,,-79.94229844
40.44023472,,-79.94229989
40.44023366,,-79.94230137
40.4402326,,-79.94230284
40.44023155,,-79.9423043
40.44023047,,-79.94230576
40.44022939,,-79.94230722
40.44022836,,-79.94230869
40.44022735,,-79.94231018
40.44022636,,-79.94231172
40.4402254,,-79.9423133
40.44022446,,-79.94231491
40.44022357,,-79.94231658
40.44022266,,-79.94231822
40.44022177,,-79.9423199
40.44022085,,-79.94232155
40.44021998,,-79.94232324
40.44021905,,-79.94232494
40.44021812,,-79.94232665
40.4402172,,-79.94232836
40.44021634,,-79.9423301
40.44021543,,-79.94233184
40.44021455,,-79.94233359
40.44021365,,-79.94233535
40.44021278,,-79.94233718
40.44021189,,-79.94233904
40.440211,,-79.94234089
40.44021014,,-79.94234277
40.44020926,,-79.94234469
40.44020842,,-79.94234661
40.44020757,,-79.94234857
40.44020673,,-79.94235061
40.44020593,,-79.94235266
40.4402051,,-79.94235473
40.44020428,,-79.94235686
40.44020348,,-79.94235897
40.44020268,,-79.94236114
40.44020187,,-79.94236341
40.44020111,,-79.94236571
40.44020036,,-79.94236805
40.44019958,,-79.9423704
40.44019887,,-79.94237286
40.44019816,,-79.94237538
40.44019745,,-79.9423779
40.44019682,,-79.94238058
40.44019615,,-79.94238329
40.44019553,,-79.94238608
40.44019489,,-79.94238899
40.44019424,,-79.94239191
40.44019361,,-79.94239489
40.44019298,,-79.94239791
40.44019234,,-79.94240099
40.44019164,,-79.94240415
40.44019099,,-79.94240737
40.44019038,,-79.94241065
40.44018974,,-79.94241402
40.44018908,,-79.94241747
40.44018843,,-79.942421
40.44018783,,-79.94242455
40.44018714,,-79.94242819
40.44018646,,-79.94243184
40.44018576,,-79.94243556
40.44018504,,-79.94243935
40.44018435,,-79.94244317
40.44018366,,-79.94244711
40.44018292,,-79.94245109
40.44018218,,-79.94245517
40.44018138,,-79.94245924
40.4401806,,-79.9424634
40.44017985,,-79.94246765
40.44017908,,-79.94247193
40.44017828,,-79.94247627
40.44017747,,-79.94248067
40.44017672,,-79.94248515
40.44017586,,-79.94248963
40.44017508,,-79.94249419
40.44017422,,-79.9424988
40.44017337,,-79.94250349
40.44017249,,-79.94250827
40.44017156,,-79.94251311
40.44017069,,-79.94251806
40.44016971,,-79.94252304
40.44016883,,-79.94252804
40.44016796,,-79.94253313
40.44016691,,-79.94253832
40.44016595,,-79.94254356
40.44016506,,-79.94254893
40.44016408,,-79.94255436
40.44016315,,-79.94255984
40.44016214,,-79.94256544
40.44016106,,-79.94257097
40.44016007,,-79.94257662
40.44015902,,-79.94258237
40.44015791,,-79.94258814
40.44015672,,-79.94259396
40.44015548,,-79.94259985
40.44015433,,-79.94260589
40.44015327,,-79.94261212
40.44015214,,-79.94261828
40.44015088,,-79.94262454
40.44014955,,-79.94263084
40.4401483,,-79.9426373
40.44014697,,-79.9426438
40.44014553,,-79.94265025
40.44014408,,-79.94265677
40.44014257,,-79.94266339
40.44014102,,-79.94267015
40.44013944,,-79.94267699
40.44013789,,-79.94268385
40.44013627,,-79.94269076
40.4401347,,-79.94269777
40.44013308,,-79.94270479
40.4401314,,-79.94271202
40.44012967,,-79.94271919
40.44012795,,-79.94272645
40.44012617,,-79.94273387
40.44012435,,-79.9427412
40.44012255,,-79.94274863
40.44012062,,-79.94275613
40.4401187,,-79.94276372
40.44011667,,-79.94277131
40.44011463,,-79.94277893
40.44011255,,-79.94278659
40.44011034,,-79.94279435
40.44010818,,-79.94280217
40.44010588,,-79.94281002
40.44010356,,-79.94281795
40.44010113,,-79.94282587
40.44009859,,-79.94283385
40.44009598,,-79.94284182
40.44009333,,-79.94284979
40.44009057,,-79.94285776
40.44008776,,-79.94286585
40.44008493,,-79.94287403
40.44008194,,-79.94288223
40.44007901,,-79.94289045
40.44007595,,-79.9428987
40.44007285,,-79.94290703
40.44006974,,-79.94291538
40.44006668,,-79.94292383
40.44006338,,-79.94293215
40.44006026,,-79.94294072
40.44005701,,-79.94294923
40.44005362,,-79.94295776
40.44005019,,-79.94296639
40.44004677,,-79.94297499
40.44004316,,-79.94298364
40.44003951,,-79.94299231
40.44003573,,-79.94300088
40.44003195,,-79.94300954
40.44002806,,-79.9430182
40.44002403,,-79.94302683
40.44001994,,-79.94303543
40.44001579,,-79.94304414
40.44001158,,-79.94305282
40.44000732,,-79.94306155
40.44000303,,-79.94307029
40.43999862,,-79.94307902
40.43999427,,-79.94308783
40.43998976,,-79.94309658
40.43998524,,-79.94310532
40.43998074,,-79.94311416
40.43997624,,-79.94312307
40.43997147,,-79.94313188
40.43996671,,-79.94314079
40.43996182,,-79.9431495
40.4399568,,-79.94315818
40.43995171,,-79.94316683
40.43994645,,-79.94317543
40.43994108,,-79.94318397
40.43993558,,-79.94319249
40.43992992,,-79.94320084
40.43992426,,-79.94320929
40.4399185,,-79.94321774
40.43991257,,-79.94322606
40.43990667,,-79.94323426
40.4399007,,-79.94324254
40.43989451,,-79.94325058
40.43988831,,-79.94325878
40.439882,,-79.94326687
40.43987578,,-79.94327502
40.43986941,,-79.94328313
40.43986303,,-79.9432912
40.43985675,,-79.94329926
40.43985039,,-79.9433074
40.43984399,,-79.94331549
40.43983758,,-79.9433235
40.43983111,,-79.94333152
40.43982458,,-79.94333947
40.43981797,,-79.9433475
40.43981138,,-79.94335553
40.43980484,,-79.94336367
40.43979815,,-79.94337168
40.43979149,,-79.94337976
40.43978482,,-79.94338789
40.4397781,,-79.94339599
40.4397714,,-79.94340402
40.43976463,,-79.94341211
40.43975792,,-79.94342019
40.43975123,,-79.94342831
40.4397445,,-79.94343647
40.43973786,,-79.94344461
40.43973123,,-79.94345273
40.43972455,,-79.94346083
40.43971792,,-79.9434689
40.43971119,,-79.94347687
40.43970452,,-79.94348487
40.43969783,,-79.94349295
40.43969113,,-79.943501
40.43968447,,-79.9435091
40.43967779,,-79.94351719
40.43967112,,-79.94352532
40.43966455,,-79.94353347
40.43965794,,-79.94354168
40.43965135,,-79.94354985
40.43964477,,-79.94355803
40.43963818,,-79.94356616
40.4396316,,-79.9435743
40.43962503,,-79.94358244
40.43961847,,-79.94359058
40.43961187,,-79.94359862
40.43960519,,-79.94360652
40.43959846,,-79.9436144
40.43959167,,-79.94362221
40.43958488,,-79.94362996
40.43957817,,-79.94363784
40.43957145,,-79.94364564
40.4395648,,-79.94365346
40.43955809,,-79.94366123
40.43955141,,-79.94366901
40.43954471,,-79.94367673
40.43953799,,-79.94368448
40.43953132,,-79.94369223
40.43952462,,-79.94369992
40.4395179,,-79.94370764
40.4395112,,-79.94371525
40.43950455,,-79.94372305
40.43949788,,-79.9437308
40.43949124,,-79.94373855
40.4394846,,-79.94374629
40.43947795,,-79.94375396
40.4394713,,-79.94376165
40.43946466,,-79.9437693
40.43945799,,-79.94377695
40.43945134,,-79.94378462
40.4394447,,-79.94379221
40.43943808,,-79.94379981
40.4394315,,-79.94380745
40.4394249,,-79.94381503
40.43941832,,-79.94382268
40.43941173,,-79.9438303
40.43940516,,-79.9438379
40.43939858,,-79.94384551
40.43939203,,-79.94385316
40.43938546,,-79.94386077
40.4393789,,-79.9438683
40.43937234,,-79.94387585
40.43936578,,-79.94388342
40.43935923,,-79.94389102
40.43935267,,-79.94389856
40.43934617,,-79.94390611
40.43933968,,-79.9439137
40.43933314,,-79.94392121
40.43932668,,-79.94392886
40.43932021,,-79.94393642
40.43931376,,-79.94394405
40.43930732,,-79.94395176
40.43930088,,-79.94395928
40.43929442,,-79.94396668
40.43928796,,-79.94397421
40.43928151,,-79.94398167
40.43927512,,-79.94398923
40.43926878,,-79.94399703
40.43926234,,-79.94400457
40.43925588,,-79.94401197
40.43924945,,-79.94401938
40.43924299,,-79.94402676
40.43923659,,-79.94403414
40.43923028,,-79.94404168
40.43922396,,-79.94404922
40.43921763,,-79.94405668
40.43921133,,-79.94406416
40.43920503,,-79.94407172
40.43919874,,-79.94407924
40.43919248,,-79.9440868
40.4391862,,-79.94409423
40.43917989,,-79.94410157
40.43917353,,-79.94410889
40.43916726,,-79.94411642
40.43916094,,-79.94412387
40.43915461,,-79.94413132
40.43914831,,-79.94413877
40.43914203,,-79.94414626
40.43913575,,-79.94415376
40.43912956,,-79.94416137
40.43912338,,-79.9441691
40.4391172,,-79.94417669
40.43911113,,-79.94418435
40.43910511,,-79.9441922
40.43909917,,-79.94420001
40.43909336,,-79.9442079
40.43908751,,-79.94421595
40.43908174,,-79.94422402
40.43907601,,-79.94423218
40.43907033,,-79.94424044
40.43906477,,-79.94424867
40.43905929,,-79.94425695
40.43905378,,-79.94426533
40.43904844,,-79.94427377
40.4390431,,-79.9442825
40.43903777,,-79.9442912
40.43903261,,-79.94429985
40.43902751,,-79.9443086
40.43902257,,-79.94431737
40.43901777,,-79.94432637
40.43901308,,-79.94433529
40.43900827,,-79.94434436
40.43900371,,-79.94435341
40.43899893,,-79.94436243
40.43899406,,-79.94437167
40.43898947,,-79.94438109
40.43898506,,-79.94439047
40.43898056,,-79.9443998
40.43897644,,-79.94440927
40.43897236,,-79.94441877
40.43896836,,-79.94442833
40.43896439,,-79.94443794
40.43896043,,-79.94444756
40.43895653,,-79.94445721
40.43895267,,-79.94446687
40.43894895,,-79.94447658
40.43894525,,-79.94448629
40.43894158,,-79.94449606
40.43893797,,-79.94450579
40.43893447,,-79.94451571
40.43893101,,-79.94452565
40.43892785,,-79.94453578
40.43892464,,-79.94454575
40.43892151,,-79.94455584
40.43891844,,-79.94456591
40.4389155,,-79.94457599
40.43891257,,-79.94458606
40.43890973,,-79.94459605
40.43890686,,-79.94460617
40.43890402,,-79.9446163
40.43890124,,-79.94462647
40.43889845,,-79.94463668
40.43889585,,-79.94464691
40.43889321,,-79.94465703
40.43889052,,-79.94466724
40.43888796,,-79.94467746
40.43888537,,-79.94468756
40.43888284,,-79.94469772
40.43888019,,-79.94470786
40.43887769,,-79.94471804
40.43887524,,-79.9447282
40.43887285,,-79.94473837
40.43887048,,-79.94474856
40.4388682,,-79.94475874
40.43886587,,-79.944769
40.43886352,,-79.94477914
40.43886124,,-79.94478939
40.43885894,,-79.94479943
40.43885656,,-79.94480973
40.43885425,,-79.9448199
40.43885204,,-79.94483002
40.43884975,,-79.94484021
40.43884746,,-79.94485035
40.43884522,,-79.94486043
40.43884293,,-79.94487064
40.43884069,,-79.94488073
40.43883842,,-79.94489081
40.43883624,,-79.94490106
40.43883401,,-79.94491116
40.43883174,,-79.94492122
40.43882954,,-79.94493131
40.4388273,,-79.94494141
40.4388251,,-79.94495154
40.4388228,,-79.94496163
40.43882056,,-79.94497176
40.43881836,,-79.94498184
40.43881608,,-79.9449919
40.4388139,,-79.94500192
40.43881174,,-79.94501201
40.43880955,,-79.94502204
40.43880737,,-79.94503206
40.43880518,,-79.94504208
40.43880301,,-79.94505209
40.438801,,-79.94506215
40.43879895,,-79.94507219
40.43879695,,-79.94508225
40.43879505,,-79.94509234
40.43879317,,-79.94510247
40.43879134,,-79.94511257
40.43878935,,-79.94512257
40.43878743,,-79.9451326
40.43878541,,-79.94514262
40.43878357,,-79.94515263
40.43878169,,-79.94516263
40.43877965,,-79.94517269
40.43877771,,-79.94518264
40.43877573,,-79.94519272
40.43877375,,-79.94520273
40.43877179,,-79.9452127
40.43876985,,-79.94522273
40.43876794,,-79.94523278
40.43876613,,-79.94524283
40.43876434,,-79.94525285
40.43876246,,-79.94526286
40.43876068,,-79.9452729
40.43875892,,-79.94528283
40.43875711,,-79.94529292
40.43875536,,-79.94530288
40.43875367,,-79.94531287
40.43875192,,-79.94532286
40.43875022,,-79.9453328
40.43874832,,-79.94534278
40.43874644,,-79.94535279
40.43874462,,-79.94536266
40.43874289,,-79.94537267
40.43874109,,-79.94538269
40.43873926,,-79.94539262
40.43873746,,-79.94540252
40.43873563,,-79.94541256
40.43873392,,-79.94542258
40.43873226,,-79.94543264
40.43873055,,-79.94544263
40.43872904,,-79.94545266
40.43872772,,-79.94546265
40.43872636,,-79.94547271
40.43872497,,-79.94548281
40.43872369,,-79.94549283
40.43872228,,-79.94550295
40.43872095,,-79.94551299
40.43872,,-79.94552301
40.43871917,,-79.94553304
40.4387182,,-79.94554311
40.43871736,,-79.94555316
40.43871651,,-79.94556327
40.43871563,,-79.94557326
40.43871487,,-79.9455834
40.43871424,,-79.94559349
40.43871358,,-79.94560362
40.43871302,,-79.94561367
40.43871264,,-79.94562369
40.4387122,,-79.94563386
40.43871194,,-79.94564395
40.43871186,,-79.94565398
40.43871204,,-79.94566374
40.43871209,,-79.94567383
40.43871218,,-79.94568398
40.43871241,,-79.94569407
40.43871274,,-79.94570418
40.43871319,,-79.94571424
40.43871362,,-79.94572431
40.43871418,,-79.94573434
40.43871477,,-79.9457443
40.43871537,,-79.94575434
40.43871607,,-79.94576434
40.4387167,,-79.94577435
40.43871738,,-79.94578428
40.43871822,,-79.94579416
40.43871913,,-79.94580404
40.43872013,,-79.94581388
40.43872119,,-79.9458237
40.43872228,,-79.94583351
40.43872357,,-79.94584323
40.43872495,,-79.94585302
40.43872635,,-79.94586279
40.43872783,,-79.94587249
40.43872947,,-79.94588214
40.43873117,,-79.94589176
40.43873301,,-79.94590125
40.43873483,,-79.94591082
40.43873674,,-79.94592025
40.43873873,,-79.94592965
40.43874081,,-79.94593903
40.43874294,,-79.9459486
40.43874533,,-79.94595793
40.43874779,,-79.94596724
40.43875031,,-79.94597652
40.43875291,,-79.94598582
40.43875566,,-79.94599486
40.43875843,,-79.94600393
40.43876126,,-79.94601298
40.43876424,,-79.94602188
40.4387673,,-79.94603078
40.43877044,,-79.94603969
40.43877368,,-79.94604847
40.43877697,,-79.94605724
40.43878034,,-79.94606598
40.4387838,,-79.94607465
40.43878732,,-79.94608324
40.4387909,,-79.94609174
40.4387945,,-79.94610029
40.43879814,,-79.94610881
40.4388018,,-79.94611724
40.4388055,,-79.94612562
40.43880923,,-79.94613396
40.43881309,,-79.94614213
40.43881691,,-79.94615046
40.43882088,,-79.9461586
40.43882492,,-79.9461667
40.43882904,,-79.94617468
40.43883322,,-79.9461826
40.43883747,,-79.94619044
40.43884179,,-79.94619819
40.43884611,,-79.94620589
40.43885049,,-79.94621358
40.43885491,,-79.94622122
40.43885937,,-79.94622875
40.43886384,,-79.94623628
40.43886838,,-79.94624377
40.4388729,,-79.94625123
40.43887749,,-79.9462586
40.43888216,,-79.9462659
40.43888691,,-79.94627311
40.43889179,,-79.94628014
40.43889677,,-79.94628705
40.43890183,,-79.94629386
40.43890693,,-79.94630066
40.43891202,,-79.94630742
40.43891718,,-79.94631404
40.43892236,,-79.94632063
40.4389276,,-79.94632717
40.43893284,,-79.94633369
40.43893807,,-79.94634016
40.43894343,,-79.94634656
40.43894874,,-79.94635295
40.43895411,,-79.94635917
40.43895951,,-79.94636534
40.43896494,,-79.9463715
40.43897041,,-79.94637753
40.43897596,,-79.94638344
40.43898152,,-79.94638935
40.43898714,,-79.94639518
40.43899283,,-79.94640089
40.43899853,,-79.94640655
40.43900427,,-79.94641214
40.43901005,,-79.94641765
40.43901585,,-79.94642309
40.4390217,,-79.94642847
40.43902755,,-79.9464338
40.43903347,,-79.94643901
40.43903938,,-79.94644421
40.43904534,,-79.94644931
40.43905133,,-79.94645433
40.43905734,,-79.94645938
40.43906336,,-79.94646431
40.43906938,,-79.94646923
40.43907541,,-79.9464741
40.43908147,,-79.94647892
40.43908755,,-79.94648374
40.43909362,,-79.94648852
40.43909968,,-79.94649327
40.43910577,,-79.94649797
40.43911189,,-79.94650262
40.439118,,-79.94650727
40.43912413,,-79.94651185
40.43913026,,-79.94651644
40.43913638,,-79.94652103
40.4391425,,-79.94652565
40.43914858,,-79.94653022
40.43915465,,-79.94653484
40.43916072,,-79.94653945
40.43916676,,-79.94654408
40.43917278,,-79.94654873
40.43917882,,-79.94655333
40.43918486,,-79.94655791
40.4391909,,-79.94656243
40.43919694,,-79.94656688
40.43920297,,-79.94657138
40.43920897,,-79.94657584
40.43921499,,-79.94658029
40.43922099,,-79.94658476
40.43922701,,-79.94658921
40.43923296,,-79.94659377
40.43923886,,-79.94659837
40.43924479,,-79.94660292
40.43925074,,-79.94660735
40.43925668,,-79.94661179
40.43926263,,-79.94661617
40.43926858,,-79.94662054
40.43927452,,-79.94662483
40.43928046,,-79.94662913
40.43928638,,-79.94663346
40.43929229,,-79.94663777
40.43929822,,-79.94664209
40.43930409,,-79.94664646
40.43930994,,-79.94665079
40.43931581,,-79.9466551
40.43932165,,-79.94665939
40.43932749,,-79.94666368
40.43933332,,-79.94666799
40.43933915,,-79.94667224
40.43934497,,-79.94667647
40.43935077,,-79.94668073
40.43935658,,-79.94668502
40.43936236,,-79.94668935
40.43936813,,-79.94669364
40.43937392,,-79.94669791
40.43937972,,-79.94670216
40.43938553,,-79.94670641
40.43939135,,-79.94671062
40.43939718,,-79.94671479
40.439403,,-79.94671897
40.43940882,,-79.94672317
40.43941466,,-79.94672738
40.43942044,,-79.94673166
40.43942628,,-79.94673584
40.43943208,,-79.94674007
40.43943785,,-79.94674433
40.43944368,,-79.9467485
40.43944945,,-79.94675283
40.43945522,,-79.94675716
40.43946106,,-79.94676137
40.43946695,,-79.94676551
40.43947288,,-79.94676964
40.4394787,,-79.94677394
40.43948456,,-79.9467782
40.43949043,,-79.94678247
40.43949626,,-79.9467868
40.43950213,,-79.9467911
40.439508,,-79.9467954
40.43951388,,-79.94679965
40.43951979,,-79.94680391
40.43952572,,-79.94680818
40.43953165,,-79.94681247
40.43953762,,-79.94681679
40.43954359,,-79.94682114
40.43954959,,-79.94682551
40.43955555,,-79.94682986
40.43956156,,-79.94683422
40.43956759,,-79.9468386
40.43957359,,-79.94684298
40.43957962,,-79.94684742
40.43958566,,-79.94685181
40.43959172,,-79.94685622
40.43959783,,-79.94686061
40.43960395,,-79.94686501
40.43961009,,-79.94686943
40.43961622,,-79.94687383
40.43962239,,-79.9468782
40.43962856,,-79.94688261
40.43963476,,-79.94688706
40.43964095,,-79.94689154
40.43964717,,-79.94689612
40.43965344,,-79.94690064
40.43965962,,-79.94690531
40.43966584,,-79.94690998
40.4396721,,-79.94691469
40.43967832,,-79.94691947
40.43968453,,-79.9469243
40.43969074,,-79.94692917
40.43969697,,-79.94693407
40.43970321,,-79.94693905
40.43970945,,-79.94694408
40.43971573,,-79.94694919
40.43972196,,-79.94695435
40.43972818,,-79.94695958
40.4397344,,-79.94696486
40.43974064,,-79.94697023
40.43974683,,-79.94697567
40.43975298,,-79.94698118
40.43975916,,-79.94698675
40.43976535,,-79.94699237
40.43977155,,-79.94699801
40.43977777,,-79.94700367
40.43978403,,-79.9470093
40.43979029,,-79.94701496
40.43979659,,-79.94702062
40.43980289,,-79.94702632
40.43980918,,-79.94703203
40.43981548,,-79.94703781
40.43982176,,-79.94704364
40.43982802,,-79.94704953
40.43983427,,-79.94705545
40.43984053,,-79.94706141
40.43984677,,-79.94706743
40.43985301,,-79.94707352
40.43985922,,-79.94707968
40.4398654,,-79.94708589
40.43987156,,-79.94709218
40.43987771,,-79.94709854
40.43988386,,-79.94710494
40.43989003,,-79.94711136
40.43989622,,-79.94711776
40.43990242,,-79.94712421
40.43990857,,-79.94713066
40.43991471,,-79.94713721
40.43992082,,-79.94714378
40.43992691,,-79.94715043
40.43993296,,-79.94715715
40.43993896,,-79.94716393
40.43994497,,-79.94717078
40.43995093,,-79.94717771
40.43995685,,-79.94718467
40.43996273,,-79.94719175
40.43996861,,-79.94719891
40.4399745,,-79.94720612
40.43998032,,-79.94721326
40.43998623,,-79.94722063
40.43999209,,-79.94722804
40.43999794,,-79.94723537
40.44000373,,-79.94724258
40.44000959,,-79.94724991
40.44001547,,-79.94725727
40.44002137,,-79.94726454
40.44002734,,-79.94727187
40.44003336,,-79.94727917
40.44003937,,-79.94728644
40.44004529,,-79.94729373
40.4400512,,-79.94730105
40.44005708,,-79.94730849
40.44006303,,-79.94731596
40.44006906,,-79.94732348
40.44007504,,-79.94733092
40.44008082,,-79.94733845
40.44008671,,-79.94734607
40.44009257,,-79.94735355
40.44009836,,-79.94736094
40.44010427,,-79.94736858
40.4401102,,-79.94737625
40.44011603,,-79.94738379
40.44012188,,-79.94739149
40.44012785,,-79.94739926
40.44013371,,-79.947407
40.44013955,,-79.94741469
40.44014535,,-79.94742251
40.4401512,,-79.94743021
40.44015692,,-79.94743805
40.44016273,,-79.94744578
40.44016848,,-79.94745352
40.44017432,,-79.9474613
40.44018015,,-79.94746916
40.44018594,,-79.94747701
40.44019187,,-79.94748488
40.44019765,,-79.94749282
40.44020348,,-79.94750081
40.44020936,,-79.94750875
40.44021529,,-79.94751676
40.4402211,,-79.94752477
40.44022682,,-79.94753282
40.44023244,,-79.94754082
40.44023818,,-79.94754887
40.44024386,,-79.94755691
40.44024963,,-79.94756496
40.44025534,,-79.94757307
40.44026108,,-79.94758117
40.44026687,,-79.94758924
40.44027254,,-79.94759734
40.44027832,,-79.94760561
40.4402841,,-79.94761382
40.44028989,,-79.94762206
40.44029561,,-79.94763025
40.44030126,,-79.94763847
40.4403071,,-79.94764674
40.44031282,,-79.94765507
40.44031856,,-79.94766335
40.44032434,,-79.94767162
40.44033017,,-79.94767992
40.44033589,,-79.94768824
40.4403416,,-79.94769659
40.44034726,,-79.94770497
40.44035298,,-79.9477133
40.44035876,,-79.94772159
40.44036451,,-79.94772982
40.44037033,,-79.94773801
40.44037623,,-79.94774606
40.44038225,,-79.94775405
40.44038843,,-79.94776177
40.44039489,,-79.9477692
40.44040147,,-79.94777638
40.44040817,,-79.94778325
40.44041504,,-79.9477898
40.440422,,-79.94779615
40.44042908,,-79.9478022
40.44043619,,-79.94780816
40.44044328,,-79.94781395
40.44045056,,-79.94781955
40.44045783,,-79.94782498
40.44046518,,-79.94783027
40.44047258,,-79.94783536
40.44048,,-79.9478403
40.44048745,,-79.94784508
40.44049498,,-79.94784973
40.44050251,,-79.94785429
40.44051006,,-79.94785877
40.44051771,,-79.94786305
40.44052535,,-79.94786736
40.44053296,,-79.94787167
40.44054056,,-79.94787585
40.44054829,,-79.94787996
40.44055609,,-79.94788386
40.44056387,,-79.94788769
40.44057169,,-79.94789146
40.44057955,,-79.9478951
40.44058742,,-79.94789864
40.4405953,,-79.94790214
40.4406032,,-79.94790549
40.44061115,,-79.94790866
40.44061909,,-79.94791172
40.44062706,,-79.94791472
40.44063507,,-79.94791751
40.44064304,,-79.94792025
40.4406511,,-79.94792286
40.44065912,,-79.94792541
40.4406672,,-79.94792791
40.44067532,,-79.9479303
40.44068347,,-79.94793262
40.44069164,,-79.94793485
40.44069985,,-79.94793695
40.44070807,,-79.94793896
40.44071629,,-79.94794085
40.44072454,,-79.94794271
40.44073283,,-79.94794442
40.44074115,,-79.94794602
40.44074944,,-79.94794751
40.44075777,,-79.94794895
40.4407661,,-79.94795027
40.44077447,,-79.94795142
40.44078284,,-79.94795242
40.44079124,,-79.94795329
40.44079965,,-79.94795407
40.44080809,,-79.94795471
40.4408165,,-79.94795521
40.44082491,,-79.94795559
40.44083336,,-79.94795582
40.44084176,,-79.94795599
40.4408502,,-79.94795593
40.4408586,,-79.94795566
40.44086701,,-79.94795517
40.4408754,,-79.94795451
40.44088376,,-79.94795357
40.44089205,,-79.94795239
40.44090034,,-79.947951
40.44090855,,-79.94794944
40.44091674,,-79.94794763
40.44092484,,-79.94794555
40.44093284,,-79.94794324
40.44094075,,-79.94794068
40.44094855,,-79.94793782
40.44095623,,-79.94793463
40.44096377,,-79.9479311
40.44097108,,-79.94792718
40.44097829,,-79.94792298
40.44098528,,-79.9479185
40.44099213,,-79.94791374
40.44099885,,-79.94790881
40.44100542,,-79.94790362
40.4410118,,-79.94789823
40.44101808,,-79.94789264
40.44102419,,-79.94788695
40.44103019,,-79.94788106
40.44103596,,-79.94787511
40.44104165,,-79.94786891
40.44104722,,-79.94786265
40.44105262,,-79.94785629
40.44105785,,-79.94784984
40.44106304,,-79.94784329
40.44106815,,-79.94783669
40.44107314,,-79.94783005
40.4410781,,-79.94782339
40.44108297,,-79.94781677
40.44108776,,-79.94781011
40.44109257,,-79.94780352
40.4410973,,-79.94779691
40.44110204,,-79.94779046
40.44110675,,-79.94778408
40.44111149,,-79.94777767
40.44111621,,-79.94777141
40.44112092,,-79.94776511
40.44112558,,-79.94775885
40.44113023,,-79.94775258
40.44113481,,-79.94774633
40.44113932,,-79.94774009
40.44114367,,-79.94773376
40.44114809,,-79.94772759
40.44115246,,-79.94772139
40.44115674,,-79.94771516
40.44116101,,-79.9477091
40.44116521,,-79.94770294
40.44116934,,-79.94769669
40.44117346,,-79.94769052
40.44117753,,-79.94768445
40.4411816,,-79.94767838
40.44118559,,-79.9476723
40.44118947,,-79.94766616
40.44119335,,-79.94766014
40.44119714,,-79.94765415
40.44120098,,-79.9476482
40.44120472,,-79.94764229
40.44120853,,-79.94763647
40.44121225,,-79.94763053
40.44121589,,-79.94762481
40.44121963,,-79.94761911
40.44122331,,-79.94761347
40.44122693,,-79.94760782
40.44123055,,-79.94760222
40.44123412,,-79.9475967
40.44123766,,-79.94759122
40.44124115,,-79.94758571
40.44124466,,-79.94758028
40.44124807,,-79.94757492
40.44125144,,-79.94756946
40.44125481,,-79.94756415
40.44125817,,-79.9475589
40.44126149,,-79.94755376
40.44126477,,-79.94754861
40.44126793,,-79.94754337
40.44127116,,-79.94753823
40.4412744,,-79.94753318
40.44127756,,-79.94752812
40.44128068,,-79.94752316
40.44128383,,-79.94751818
40.4412871,,-79.94751343
40.44129011,,-79.9475084
40.44129316,,-79.9475035
40.44129611,,-79.94749867
40.44129912,,-79.94749388
40.44130201,,-79.94748893
40.44130489,,-79.94748407
40.44130768,,-79.94747934
40.44131039,,-79.9474746
40.44131308,,-79.94746985
40.44131586,,-79.94746516
40.44131853,,-79.9474604
40.44132114,,-79.94745567
40.44132385,,-79.9474511
40.44132654,,-79.94744653
40.44132918,,-79.94744196
40.44133184,,-79.94743749
40.44133451,,-79.94743301
40.44133703,,-79.94742851
40.44133961,,-79.94742404
40.44134217,,-79.94741971
40.44134463,,-79.94741524
40.44134717,,-79.94741093
40.44134967,,-79.94740666
40.44135216,,-79.94740239
40.44135462,,-79.94739808
40.44135697,,-79.94739382
40.44135936,,-79.94738962
40.44136182,,-79.94738544
40.44136427,,-79.94738137
40.44136651,,-79.94737716
40.44136885,,-79.94737309
40.44137118,,-79.94736907
40.44137342,,-79.94736509
40.44137556,,-79.94736108
40.44137767,,-79.94735703
40.44137989,,-79.94735313
40.44138211,,-79.94734926
40.44138423,,-79.94734535
40.44138631,,-79.94734147
40.44138847,,-79.94733767
40.44139055,,-79.94733391
40.44139249,,-79.94733011
40.44139451,,-79.94732646
40.44139648,,-79.9473228
40.44139843,,-79.94731918
40.44140031,,-79.9473156
40.44140219,,-79.94731205
40.44140405,,-79.94730853
40.44140574,,-79.947305
40.44140744,,-79.9473015
40.44140905,,-79.94729799
40.44141066,,-79.94729453
40.44141218,,-79.94729107
40.44141364,,-79.94728764
40.44141505,,-79.94728422
40.44141637,,-79.94728085
40.44141763,,-79.94727745
40.44141885,,-79.94727411
40.44142004,,-79.94727086
40.44142119,,-79.94726762
40.44142228,,-79.94726444
40.44142333,,-79.94726131
40.44142434,,-79.94725821
40.44142536,,-79.94725521
40.44142634,,-79.9472522
40.44142728,,-79.94724926
40.44142818,,-79.94724639
40.44142905,,-79.94724353
40.44142989,,-79.94724072
40.44143067,,-79.947238
40.44143143,,-79.94723531
40.44143217,,-79.94723268
40.44143286,,-79.94723012
40.44143354,,-79.94722759
40.44143421,,-79.94722519
40.44143486,,-79.94722287
40.44143545,,-79.94722052
40.44143608,,-79.94721826
40.44143666,,-79.94721589
40.44143729,,-79.94721339
40.4414379,,-79.94721073
40.44143855,,-79.947208
40.44143916,,-79.94720511
40.44143978,,-79.94720217
40.44144039,,-79.94719928
40.44144102,,-79.9471965
40.44144158,,-79.94719373
40.44144209,,-79.94719106
40.44144256,,-79.94718829
40.44144312,,-79.94718549
40.44144359,,-79.94718251
40.44144405,,-79.94717942
40.44144458,,-79.94717619
40.44144511,,-79.94717292
40.44144563,,-79.94716941
40.44144618,,-79.94716584
40.44144672,,-79.94716212
40.44144724,,-79.94715838
40.44144768,,-79.94715469
40.44144809,,-79.94715105
40.44144844,,-79.9471476
40.44144876,,-79.94714425
40.44144906,,-79.94714097
40.44144926,,-79.94713778
40.44144943,,-79.9471347
40.44144961,,-79.9471317
40.44144973,,-79.94712881
40.44144987,,-79.94712584
40.44145,,-79.94712272
40.44145011,,-79.94711965
40.44145021,,-79.94711656
40.44145032,,-79.94711341
40.44145042,,-79.94711033
40.44145043,,-79.94710717
40.44145049,,-79.94710401
40.44145048,,-79.94710091
40.44145051,,-79.94709774
40.44145056,,-79.94709449
40.44145055,,-79.94709115
40.44145054,,-79.94708775
40.4414505,,-79.94708438
40.44145052,,-79.94708099
40.44145054,,-79.94707757
40.44145049,,-79.94707419
40.44145038,,-79.94707094
40.44145025,,-79.94706774
40.44145011,,-79.94706465
40.44144995,,-79.94706162
40.44144979,,-79.94705855
40.44144959,,-79.94705539
40.44144937,,-79.94705209
40.44144913,,-79.94704852
40.44144889,,-79.94704474
40.44144866,,-79.94704092
40.44144841,,-79.9470371
40.44144818,,-79.94703333
40.44144801,,-79.9470298
40.44144777,,-79.94702644
40.44144758,,-79.94702312
40.44144742,,-79.94701997
40.44144727,,-79.94701697
40.44144712,,-79.94701393
40.44144699,,-79.94701087
40.44144689,,-79.94700774
40.44144684,,-79.94700445
40.44144673,,-79.94700096
40.44144664,,-79.94699738
40.44144662,,-79.94699378
40.44144658,,-79.94699014
40.44144653,,-79.94698651
40.44144642,,-79.94698273
40.44144629,,-79.94697892
40.44144619,,-79.94697511
40.44144602,,-79.94697124
40.44144586,,-79.94696741
40.44144562,,-79.94696363
40.44144547,,-79.94695992
40.44144528,,-79.94695612
40.44144506,,-79.94695239
40.44144482,,-79.94694871
40.44144461,,-79.94694492
40.44144438,,-79.94694112
40.44144417,,-79.94693728
40.44144395,,-79.94693347
40.44144372,,-79.94692959
40.44144353,,-79.9469257
40.4414434,,-79.94692187
40.44144316,,-79.94691809
40.44144295,,-79.94691425
40.44144273,,-79.94691038
40.44144251,,-79.94690653
40.44144231,,-79.94690269
40.44144212,,-79.94689895
40.44144192,,-79.94689521
40.44144163,,-79.94689162
40.44144133,,-79.946888
40.44144105,,-79.94688443
40.4414408,,-79.94688089
40.44144056,,-79.94687733
40.44144032,,-79.94687371
40.44144009,,-79.94687006
40.44143989,,-79.94686639
40.44143967,,-79.94686267
40.44143941,,-79.94685903
40.44143917,,-79.94685534
40.44143888,,-79.9468516
40.44143856,,-79.94684779
40.44143825,,-79.94684393
40.44143792,,-79.9468401
40.44143762,,-79.94683631
40.4414373,,-79.94683254
40.44143697,,-79.94682879
40.44143667,,-79.946825
40.44143632,,-79.94682119
40.44143591,,-79.94681741
40.44143552,,-79.94681364
40.44143507,,-79.94680989
40.44143466,,-79.94680616
40.44143423,,-79.94680243
40.44143375,,-79.94679862
40.44143327,,-79.94679481
40.44143273,,-79.94679104
40.44143225,,-79.94678734
40.44143172,,-79.94678375
40.44143118,,-79.94678025
40.4414306,,-79.94677684
40.44143008,,-79.9467734
40.44142953,,-79.94676997
40.44142894,,-79.94676659
40.44142837,,-79.94676316
40.44142776,,-79.94675967
40.4414271,,-79.94675619
40.44142646,,-79.94675262
40.44142579,,-79.94674897
40.44142508,,-79.94674533
40.44142436,,-79.94674164
40.4414236,,-79.94673794
40.44142288,,-79.94673422
40.44142217,,-79.94673049
40.44142147,,-79.94672677
40.44142079,,-79.94672308
40.44142005,,-79.9467194
40.44141936,,-79.94671579
40.44141867,,-79.94671224
40.44141799,,-79.94670872
40.44141732,,-79.94670524
40.44141664,,-79.94670177
40.44141597,,-79.94669834
40.44141532,,-79.94669491
40.44141459,,-79.94669153
40.44141393,,-79.9466881
40.44141325,,-79.94668466
40.44141254,,-79.9466812
40.44141187,,-79.9466777
40.44141119,,-79.94667411
40.44141052,,-79.94667048
40.44140979,,-79.94666688
40.44140907,,-79.94666327
40.44140837,,-79.94665967
40.44140766,,-79.94665608
40.44140696,,-79.94665241
40.44140621,,-79.9466485
40.44140533,,-79.94664426
40.44140434,,-79.94663952
40.44140328,,-79.94663418
40.44140211,,-79.94662836
40.44140095,,-79.94662239
40.44139982,,-79.94661649
40.44139875,,-79.94661073
40.44139773,,-79.9466052
40.44139673,,-79.94659991
40.44139573,,-79.94659476
40.44139471,,-79.94658981
40.44139373,,-79.94658497
40.44139277,,-79.94658027
40.44139182,,-79.94657565
40.44139087,,-79.94657109
40.44139,,-79.94656656
40.44138914,,-79.9465621
40.44138828,,-79.94655771
40.44138744,,-79.94655342
40.44138662,,-79.94654917
40.44138577,,-79.94654502
40.44138495,,-79.94654101
40.44138417,,-79.94653707
40.44138341,,-79.94653323
40.44138267,,-79.94652949
40.44138194,,-79.94652586
40.44138122,,-79.94652231
40.44138049,,-79.94651885
40.44137982,,-79.94651554
40.44137917,,-79.94651227
40.44137855,,-79.94650906
40.44137797,,-79.94650599
40.44137743,,-79.94650298
40.44137688,,-79.9465001
40.44137637,,-79.94649729
40.44137588,,-79.94649457
40.44137542,,-79.94649196
40.44137499,,-79.94648944
40.44137451,,-79.94648705
40.44137404,,-79.94648472
40.44137358,,-79.94648248
40.44137318,,-79.94648037
40.44137278,,-79.94647829
40.44137243,,-79.94647634
40.44137204,,-79.94647456
40.44137172,,-79.9464728
40.44137136,,-79.94647103
40.44137101,,-79.94646906
40.44137061,,-79.94646671
40.4413701,,-79.94646404
40.4413695,,-79.94646101
40.44136889,,-79.94645773
40.44136826,,-79.94645432
40.44136761,,-79.94645086
40.44136693,,-79.94644738
40.44136616,,-79.94644392
40.44136549,,-79.94644052
40.4413648,,-79.94643717
40.44136413,,-79.94643385
40.44136347,,-79.94643059
40.44136289,,-79.94642736
40.44136207,,-79.94642419
40.44136133,,-79.94642093
40.44136078,,-79.94641755
40.4413602,,-79.94641419
40.44135965,,-79.94641076
40.44135904,,-79.94640743
40.44135853,,-79.94640404
40.44135796,,-79.94640068
40.44135737,,-79.94639724
40.4413568,,-79.94639378
40.4413562,,-79.9463903
40.44135559,,-79.9463868
40.44135499,,-79.9463834
40.44135439,,-79.94638
40.44135379,,-79.94637652
40.44135308,,-79.94637319
40.44135236,,-79.94636987
40.44135177,,-79.94636646
40.44135111,,-79.94636307
40.44135052,,-79.94635973
40.44134996,,-79.9463564
40.44134931,,-79.94635306
40.44134874,,-79.94634965
40.44134811,,-79.94634631
40.44134747,,-79.94634293
40.44134684,,-79.94633959
40.4413462,,-79.94633623
40.4413456,,-79.94633288
40.44134498,,-79.94632957
40.44134436,,-79.94632629
40.44134368,,-79.94632301
40.44134311,,-79.94631978
40.44134249,,-79.94631664
40.44134191,,-79.94631349
40.44134134,,-79.94631034
40.44134074,,-79.94630718
40.44134017,,-79.94630404
40.44133957,,-79.94630083
40.44133901,,-79.94629758
40.44133836,,-79.94629433
40.44133777,,-79.94629107
40.44133713,,-79.94628781
40.44133651,,-79.94628458
40.44133592,,-79.94628134
40.44133529,,-79.94627809
40.44133467,,-79.94627482
40.44133401,,-79.94627162
40.44133341,,-79.94626839
40.44133279,,-79.94626518
40.44133215,,-79.94626201
40.44133156,,-79.94625878
40.44133096,,-79.94625561
40.44133031,,-79.94625241
40.44132965,,-79.94624929
40.44132902,,-79.94624619
40.44132841,,-79.94624311
40.44132781,,-79.94624007
40.44132724,,-79.94623706
40.44132668,,-79.9462341
40.4413261,,-79.94623115
40.44132556,,-79.94622823
40.44132495,,-79.94622527
40.44132435,,-79.94622229
40.44132378,,-79.94621936
40.44132323,,-79.94621637
40.44132265,,-79.94621336
40.44132204,,-79.94621026
40.44132147,,-79.94620705
40.44132086,,-79.94620376
40.4413202,,-79.94620035
40.44131956,,-79.946197
40.44131892,,-79.94619366
40.44131825,,-79.94619025
40.44131757,,-79.94618689
40.44131693,,-79.94618359
40.44131627,,-79.94618028
40.44131562,,-79.94617694
40.44131497,,-79.94617371
40.44131444,,-79.94617042
40.4413138,,-79.94616709
40.44131319,,-79.94616372
40.44131258,,-79.94616034
40.44131188,,-79.946157
40.44131117,,-79.94615362
40.44131047,,-79.94615029
40.44130983,,-79.94614696
40.44130912,,-79.94614355
40.44130843,,-79.94614017
40.44130779,,-79.94613675
40.44130706,,-79.94613337
40.44130635,,-79.94613
40.44130565,,-79.94612674
40.441305,,-79.94612343
40.44130426,,-79.94612013
40.44130361,,-79.94611685
40.44130291,,-79.94611363
40.44130217,,-79.94611043
40.44130151,,-79.94610718
40.44130094,,-79.94610397
40.4413003,,-79.94610072
40.44129957,,-79.94609747
40.441299,,-79.94609415
40.44129833,,-79.94609081
40.44129771,,-79.94608745
40.44129704,,-79.94608407
40.44129644,,-79.94608065
40.44129583,,-79.94607724
40.44129523,,-79.94607385
40.44129463,,-79.94607048
40.44129402,,-79.94606703
40.44129339,,-79.94606365
40.4412927,,-79.94606027
40.44129199,,-79.9460569
40.44129136,,-79.94605353
40.44129077,,-79.94605022
40.44129015,,-79.94604684
40.44128954,,-79.94604346
40.44128893,,-79.94604012
40.44128835,,-79.9460367
40.44128771,,-79.94603328
40.44128709,,-79.94602984
40.44128648,,-79.94602636
40.44128585,,-79.94602284
40.44128517,,-79.94601932
40.4412845,,-79.94601577
40.44128377,,-79.94601227
40.44128309,,-79.94600872
40.44128239,,-79.94600526
40.44128173,,-79.9460018
40.44128108,,-79.9459983
40.44128041,,-79.94599489
40.44127978,,-79.94599147
40.44127915,,-79.94598815
40.44127848,,-79.94598479
40.44127788,,-79.94598148
40.44127729,,-79.94597819
40.44127665,,-79.94597491
40.44127608,,-79.94597153
40.44127549,,-79.94596814
40.44127489,,-79.94596471
40.44127425,,-79.94596118
40.44127364,,-79.94595774
40.44127303,,-79.94595424
40.44127244,,-79.94595071
40.44127185,,-79.94594715
40.44127127,,-79.94594366
40.44127062,,-79.94594014
40.44127001,,-79.94593667
40.44126944,,-79.94593325
40.44126883,,-79.94592986
40.44126826,,-79.94592647
40.44126771,,-79.94592311
40.4412671,,-79.94591974
40.44126649,,-79.94591634
40.44126589,,-79.94591301
40.44126525,,-79.94590968
40.44126461,,-79.9459063
40.44126403,,-79.94590291
40.44126341,,-79.94589952
40.44126286,,-79.9458962
40.4412623,,-79.9458929
40.44126179,,-79.94588963
40.44126118,,-79.94588637
40.44126064,,-79.94588311
40.44126009,,-79.94587985
40.44125945,,-79.94587659
40.44125883,,-79.94587328
40.4412582,,-79.94586997
40.44125754,,-79.94586664
40.44125692,,-79.94586328
40.44125632,,-79.94585993
40.44125576,,-79.94585658
40.44125517,,-79.94585318
40.44125455,,-79.94584982
40.44125382,,-79.94584648
40.44125314,,-79.94584314
40.44125248,,-79.9458397
40.44125177,,-79.9458364
40.44125108,,-79.94583311
40.4412504,,-79.94582979
40.44124977,,-79.94582646
40.44124909,,-79.94582312
40.44124856,,-79.94581979
40.44124794,,-79.94581645
40.4412472,,-79.94581303
40.44124655,,-79.94580959
40.44124587,,-79.94580624
40.44124514,,-79.9458028
40.44124448,,-79.9457993
40.44124372,,-79.94579582
40.44124295,,-79.9457924
40.44124209,,-79.94578889
40.44124137,,-79.94578537
40.44124062,,-79.94578186
40.44123984,,-79.94577837
40.44123915,,-79.94577481
40.44123842,,-79.94577124
40.44123772,,-79.94576774
40.44123697,,-79.94576418
40.44123623,,-79.94576065
40.44123557,,-79.94575711
40.44123493,,-79.94575359
40.44123417,,-79.94575018
40.44123346,,-79.94574671
40.44123275,,-79.94574322
40.44123204,,-79.94573974
40.44123134,,-79.94573634
40.44123067,,-79.94573285
40.44122996,,-79.94572939
40.44122925,,-79.94572594
40.44122863,,-79.94572243
40.44122794,,-79.94571888
40.4412272,,-79.94571527
40.44122648,,-79.9457117
40.44122573,,-79.94570802
40.44122502,,-79.9457044
40.44122432,,-79.94570084
40.44122362,,-79.94569728
40.44122295,,-79.94569382
40.44122226,,-79.94569033
40.4412216,,-79.94568693
40.4412209,,-79.94568354
40.44122023,,-79.94568008
40.44121954,,-79.94567669
40.44121885,,-79.94567329
40.44121818,,-79.94566986
40.44121747,,-79.94566645
40.44121675,,-79.945663
40.44121603,,-79.94565952
40.44121524,,-79.94565608
40.4412145,,-79.94565263
40.44121376,,-79.94564916
40.44121297,,-79.9456457
40.4412122,,-79.94564225
40.44121145,,-79.94563878
40.44121069,,-79.94563525
40.44120995,,-79.94563173
40.44120917,,-79.94562824
40.44120839,,-79.94562472
40.44120769,,-79.94562123
40.44120698,,-79.94561768
40.44120626,,-79.94561412
40.44120561,,-79.9456105
40.44120498,,-79.94560694
40.44120435,,-79.94560344
40.44120359,,-79.94559971
40.44120279,,-79.94559596
40.44120214,,-79.94559215
40.44120141,,-79.94558842
40.4412007,,-79.94558468
40.44119997,,-79.94558101
40.44119921,,-79.94557738
40.44119843,,-79.94557371
40.44119761,,-79.94557001
40.44119683,,-79.94556633
40.44119602,,-79.94556267
40.44119522,,-79.94555894
40.44119444,,-79.94555525
40.44119364,,-79.94555148
40.44119287,,-79.9455476
40.44119202,,-79.94554374
40.44119121,,-79.94553988
40.44119039,,-79.94553602
40.44118953,,-79.94553217
40.44118872,,-79.94552838
40.44118787,,-79.94552456
40.441187,,-79.94552081
40.4411862,,-79.94551703
40.44118535,,-79.94551324
40.44118458,,-79.94550938
40.44118383,,-79.9455056
40.44118304,,-79.94550189
40.44118223,,-79.94549806
40.44118144,,-79.94549435
40.44118074,,-79.94549067
40.44118005,,-79.94548696
40.44117934,,-79.94548331
40.44117861,,-79.94547959
40.44117784,,-79.94547584
40.44117706,,-79.94547214
40.44117627,,-79.94546847
40.44117546,,-79.94546485
40.44117468,,-79.94546123
40.44117389,,-79.94545763
40.4411731,,-79.94545407
40.44117231,,-79.94545052
40.44117155,,-79.94544698
40.44117078,,-79.94544348
40.44117004,,-79.94544
40.44116925,,-79.9454365
40.44116849,,-79.94543301
40.44116773,,-79.94542951
40.44116702,,-79.945426
40.44116618,,-79.94542244
40.44116535,,-79.94541889
40.44116458,,-79.94541533
40.4411638,,-79.94541176
40.44116302,,-79.94540817
40.44116226,,-79.94540452
40.44116151,,-79.94540091
40.44116077,,-79.94539735
40.44115998,,-79.94539373
40.44115921,,-79.94539014
40.44115845,,-79.94538652
40.44115771,,-79.94538292
40.44115696,,-79.94537929
40.44115622,,-79.94537563
40.44115543,,-79.94537204
40.44115468,,-79.94536845
40.44115397,,-79.94536487
40.44115321,,-79.94536134
40.44115246,,-79.94535786
40.44115172,,-79.94535438
40.44115093,,-79.94535085
40.44115013,,-79.94534739
40.44114937,,-79.94534391
40.44114857,,-79.94534039
40.44114781,,-79.94533688
40.44114702,,-79.94533335
40.44114625,,-79.9453298
40.44114551,,-79.94532625
40.44114474,,-79.94532271
40.44114402,,-79.94531915
40.44114322,,-79.94531562
40.44114243,,-79.94531209
40.44114169,,-79.94530857
40.44114094,,-79.94530499
40.44114019,,-79.94530147
40.44113943,,-79.94529796
40.44113869,,-79.9452944
40.44113797,,-79.94529089
40.44113727,,-79.94528738
40.44113658,,-79.94528388
40.44113585,,-79.94528037
40.44113512,,-79.94527688
40.4411344,,-79.94527339
40.44113368,,-79.94526992
40.44113297,,-79.94526647
40.44113231,,-79.94526295
40.44113165,,-79.94525943
40.44113098,,-79.94525591
40.44113028,,-79.94525228
40.44112958,,-79.94524873
40.44112885,,-79.94524518
40.44112816,,-79.9452417
40.44112744,,-79.94523815
40.44112672,,-79.94523464
40.44112602,,-79.94523112
40.44112533,,-79.94522759
40.44112461,,-79.94522404
40.4411238,,-79.94522052
40.44112305,,-79.94521696
40.4411223,,-79.94521336
40.44112152,,-79.94520978
40.44112078,,-79.94520616
40.44112008,,-79.94520253
40.44111932,,-79.94519898
40.44111855,,-79.94519542
40.44111781,,-79.94519184
40.44111707,,-79.94518835
40.44111639,,-79.94518484
40.4411157,,-79.94518136
40.44111498,,-79.94517779
40.4411143,,-79.94517431
40.44111364,,-79.94517081
40.44111287,,-79.94516737
40.44111206,,-79.94516382
40.44111134,,-79.94516033
40.44111058,,-79.94515677
40.44110981,,-79.94515326
40.44110915,,-79.94514963
40.44110845,,-79.94514601
40.4411077,,-79.94514238
40.44110699,,-79.94513875
40.44110618,,-79.94513511
40.44110543,,-79.94513141
40.44110464,,-79.94512771
40.44110374,,-79.945124
40.44110295,,-79.94512035
40.44110214,,-79.94511667
40.44110129,,-79.94511292
40.44110044,,-79.94510921
40.44109966,,-79.94510542
40.44109891,,-79.94510172
40.44109814,,-79.94509796
40.44109737,,-79.94509421
40.4410966,,-79.9450905
40.44109579,,-79.94508677
40.44109504,,-79.94508304
40.44109426,,-79.94507939
40.44109347,,-79.94507573
40.44109268,,-79.94507198
40.44109184,,-79.94506826
40.44109102,,-79.94506455
40.44109021,,-79.94506083
40.44108944,,-79.94505714
40.44108862,,-79.94505345
40.44108777,,-79.94504973
40.4410869,,-79.94504603
40.44108613,,-79.94504225
40.44108531,,-79.94503843
40.44108444,,-79.94503473
40.44108361,,-79.94503103
40.44108275,,-79.9450273
40.4410819,,-79.94502357
40.4410811,,-79.94501985
40.44108026,,-79.94501612
40.44107944,,-79.94501243
40.44107868,,-79.94500862
40.44107784,,-79.94500494
40.44107703,,-79.94500114
40.44107626,,-79.9449973
40.44107547,,-79.94499341
40.44107465,,-79.94498962
40.44107392,,-79.94498578
40.44107318,,-79.9449819
40.4410724,,-79.944978
40.44107162,,-79.94497407
40.44107081,,-79.94497016
40.44107,,-79.94496623
40.44106916,,-79.94496226
40.44106833,,-79.94495831
40.44106752,,-79.94495433
40.44106672,,-79.94495045
40.44106589,,-79.94494652
40.44106509,,-79.94494256
40.44106424,,-79.94493861
40.44106341,,-79.94493468
40.44106264,,-79.94493066
40.44106177,,-79.94492664
40.44106096,,-79.94492259
40.44106015,,-79.94491854
40.44105928,,-79.94491448
40.44105835,,-79.94491044
40.44105753,,-79.94490629
40.44105672,,-79.9449022
40.44105582,,-79.94489809
40.44105498,,-79.94489398
40.44105412,,-79.94488978
40.44105326,,-79.94488564
40.44105241,,-79.94488136
40.44105147,,-79.94487714
40.44105056,,-79.94487293
40.44104968,,-79.94486868
40.44104872,,-79.94486447
40.44104782,,-79.94486019
40.44104687,,-79.9448559
40.44104591,,-79.94485161
40.44104502,,-79.9448473
40.44104404,,-79.94484294
40.4410431,,-79.94483863
40.44104225,,-79.94483426
40.44104124,,-79.94482991
40.44104027,,-79.94482551
40.44103943,,-79.94482103
40.44103852,,-79.94481663
40.44103764,,-79.94481215
40.44103684,,-79.9448076
40.44103597,,-79.94480311
40.44103508,,-79.94479855
40.4410342,,-79.94479411
40.44103327,,-79.94478961
40.44103245,,-79.94478525
40.44103161,,-79.94478086
40.44103071,,-79.94477647
40.44102979,,-79.94477204
40.44102885,,-79.94476763
40.44102795,,-79.94476318
40.44102706,,-79.94475875
40.44102613,,-79.94475428
40.44102523,,-79.9447498
40.4410243,,-79.9447453
40.44102334,,-79.94474067
40.44102242,,-79.94473606
40.44102145,,-79.94473153
40.44102058,,-79.94472684
40.4410197,,-79.9447222
40.44101876,,-79.94471756
40.44101778,,-79.94471286
40.44101684,,-79.94470811
40.44101586,,-79.94470329
40.44101485,,-79.94469844
40.44101388,,-79.94469355
40.44101289,,-79.94468869
40.44101189,,-79.94468382
40.44101084,,-79.94467889
40.44100986,,-79.94467392
40.44100886,,-79.94466895
40.44100783,,-79.94466394
40.44100682,,-79.94465897
40.4410058,,-79.94465397
40.44100477,,-79.94464899
40.44100374,,-79.94464397
40.44100271,,-79.94463898
40.4410017,,-79.9446339
40.44100063,,-79.94462875
40.44099963,,-79.94462362
40.44099854,,-79.94461839
40.44099747,,-79.94461318
40.4409964,,-79.94460793
40.44099533,,-79.94460265
40.44099419,,-79.94459727
40.440993,,-79.94459192
40.44099178,,-79.9445865
40.44099059,,-79.94458094
40.44098936,,-79.94457522
40.44098817,,-79.94456936
40.44098682,,-79.94456311
40.44098533,,-79.94455631
40.44098369,,-79.9445489
40.44098196,,-79.94454109
40.44098023,,-79.94453314
40.44097846,,-79.94452518
40.44097682,,-79.94451733
40.44097523,,-79.94450959
40.44097366,,-79.94450203
40.44097211,,-79.94449458
40.44097052,,-79.94448723
40.44096894,,-79.94447995
40.44096737,,-79.94447268
40.44096578,,-79.94446545
40.44096422,,-79.94445821
40.44096273,,-79.94445094
40.4409612,,-79.94444367
40.44095964,,-79.94443642
40.44095816,,-79.94442919
40.44095669,,-79.94442198
40.4409552,,-79.9444148
40.4409537,,-79.94440764
40.44095223,,-79.94440056
40.44095076,,-79.94439345
40.44094927,,-79.94438642
40.44094783,,-79.94437944
40.44094635,,-79.9443724
40.4409449,,-79.94436531
40.44094343,,-79.94435818
40.44094198,,-79.94435094
40.44094045,,-79.94434356
40.44093892,,-79.94433612
40.4409374,,-79.94432859
40.44093586,,-79.94432097
40.44093429,,-79.94431344
40.44093269,,-79.94430595
40.44093103,,-79.94429855
40.44092945,,-79.94429122
40.44092779,,-79.94428397
40.44092638,,-79.94427638
40.4409249,,-79.94426895
40.44092339,,-79.94426158
40.44092197,,-79.94425425
40.4409205,,-79.94424693
40.44091904,,-79.94423968
40.44091758,,-79.94423249
40.44091613,,-79.94422524
40.44091468,,-79.94421801
40.44091319,,-79.94421075
40.44091169,,-79.94420342
40.44091009,,-79.94419606
40.44090849,,-79.94418859
40.44090679,,-79.94418113
40.44090509,,-79.94417363
40.4409034,,-79.94416606
40.44090174,,-79.94415829
40.44090006,,-79.94415046
40.44089833,,-79.94414261
40.44089662,,-79.94413477
40.44089494,,-79.94412693
40.4408933,,-79.94411915
40.44089173,,-79.94411144
40.44089013,,-79.94410376
40.44088854,,-79.94409616
40.44088697,,-79.94408855
40.4408854,,-79.94408094
40.44088377,,-79.9440734
40.44088214,,-79.94406587
40.44088048,,-79.94405842
40.44087884,,-79.94405097
40.44087716,,-79.94404356
40.44087553,,-79.94403618
40.44087389,,-79.94402882
40.44087229,,-79.94402143
40.44087074,,-79.94401406
40.44086914,,-79.94400681
40.44086756,,-79.94399949
40.44086599,,-79.94399221
40.44086452,,-79.9439849
40.44086296,,-79.94397766
40.44086136,,-79.94397043
40.44085992,,-79.94396324
40.44085845,,-79.94395599
40.44085697,,-79.94394864
40.44085546,,-79.94394125
40.44085395,,-79.94393373
40.44085241,,-79.94392611
40.44085089,,-79.94391847
40.4408493,,-79.94391079
40.4408476,,-79.94390325
40.44084603,,-79.94389569
40.44084441,,-79.94388822
40.44084289,,-79.94388076
40.44084137,,-79.94387335
40.44083983,,-79.94386597
40.44083831,,-79.94385866
40.44083683,,-79.94385137
40.4408353,,-79.94384414
40.44083386,,-79.94383689
40.44083245,,-79.94382968
40.44083101,,-79.94382247
40.44082961,,-79.94381533
40.44082818,,-79.9438082
40.44082675,,-79.94380112
40.44082533,,-79.94379403
40.44082397,,-79.94378695
40.44082247,,-79.94377995
40.44082107,,-79.94377286
40.44081974,,-79.94376563
40.44081821,,-79.94375843
40.44081677,,-79.94375099
40.44081533,,-79.94374361
40.44081388,,-79.9437362
40.44081242,,-79.94372881
40.440811,,-79.94372147
40.44080968,,-79.94371416
40.44080835,,-79.9437069
40.44080696,,-79.94369973
40.44080551,,-79.94369258
40.44080414,,-79.94368557
40.44080275,,-79.94367855
40.44080146,,-79.94367144
40.4408,,-79.94366448
40.44079863,,-79.9436575
40.44079723,,-79.94365063
40.44079579,,-79.94364387
40.44079448,,-79.9436369
40.44079311,,-79.94363004
40.44079168,,-79.94362317
40.44079029,,-79.94361641
40.44078899,,-79.94360967
40.44078758,,-79.94360305
40.44078615,,-79.94359636
40.4407847,,-79.94358972
40.44078324,,-79.94358312
40.44078177,,-79.94357638
40.44078031,,-79.94356952
40.44077873,,-79.94356261
40.44077718,,-79.94355565
40.44077558,,-79.94354865
40.44077398,,-79.94354165
40.44077226,,-79.94353467
40.44077072,,-79.94352778
40.44076906,,-79.94352105
40.44076751,,-79.94351433
40.44076603,,-79.94350766
40.4407644,,-79.94350098
40.4407629,,-79.94349431
40.44076139,,-79.94348768
40.4407598,,-79.94348102
40.44075828,,-79.94347447
40.44075679,,-79.94346798
40.44075532,,-79.94346144
40.44075382,,-79.94345497
40.44075245,,-79.94344851
40.44075095,,-79.94344206
40.44074951,,-79.94343565
40.44074807,,-79.94342929
40.44074661,,-79.94342302
40.44074521,,-79.94341667
40.44074382,,-79.94341036
40.44074233,,-79.9434041
40.44074083,,-79.94339791
40.44073943,,-79.94339172
40.44073798,,-79.94338555
40.44073659,,-79.94337943
40.44073521,,-79.94337342
40.4407338,,-79.94336734
40.44073238,,-79.94336135
40.44073101,,-79.94335535
40.44072967,,-79.94334936
40.44072832,,-79.94334342
40.44072707,,-79.94333748
40.4407258,,-79.94333149
40.44072456,,-79.9433256
40.44072323,,-79.94331982
40.44072188,,-79.94331408
40.44072056,,-79.94330836
40.4407192,,-79.94330263
40.44071789,,-79.94329695
40.44071664,,-79.94329137
40.44071535,,-79.94328576
40.44071412,,-79.94328009
40.44071281,,-79.94327439
40.44071148,,-79.9432686
40.44071013,,-79.9432628
40.44070876,,-79.9432571
40.4407075,,-79.94325125
40.4407062,,-79.94324555
40.44070495,,-79.94323985
40.44070377,,-79.94323422
40.44070258,,-79.94322861
40.44070136,,-79.94322301
40.4407002,,-79.94321748
40.44069907,,-79.9432119
40.4406979,,-79.94320636
40.44069671,,-79.94320073
40.4406955,,-79.94319518
40.4406944,,-79.94318959
40.44069327,,-79.94318403
40.44069216,,-79.94317849
40.44069104,,-79.94317312
40.44068991,,-79.94316772
40.4406888,,-79.94316228
40.44068769,,-79.94315686
40.4406866,,-79.94315155
40.44068555,,-79.94314629
40.44068441,,-79.94314111
40.44068325,,-79.94313593
40.44068218,,-79.94313074
40.44068102,,-79.94312561
40.44067995,,-79.94312051
40.44067884,,-79.94311548
40.44067774,,-79.9431104
40.44067661,,-79.94310535
40.44067568,,-79.94310033
40.44067467,,-79.94309527
40.4406738,,-79.94309022
40.44067289,,-79.94308521
40.44067203,,-79.94308023
40.44067093,,-79.94307526
40.44066996,,-79.94307035
40.44066892,,-79.94306551
40.44066793,,-79.94306072
40.44066694,,-79.94305591
40.44066597,,-79.9430512
40.44066496,,-79.94304649
40.44066398,,-79.94304182
40.44066294,,-79.94303713
40.4406619,,-79.94303241
40.44066082,,-79.94302748
40.44065966,,-79.94302248
40.44065858,,-79.94301735
40.44065751,,-79.94301218
40.44065641,,-79.94300703
40.44065535,,-79.94300179
40.44065436,,-79.94299663
40.44065332,,-79.94299158
40.44065231,,-79.94298652
40.44065125,,-79.94298155
40.44065017,,-79.94297667
40.44064917,,-79.94297173
40.44064819,,-79.94296681
40.44064713,,-79.9429619
40.44064606,,-79.9429571
40.44064505,,-79.9429523
40.44064411,,-79.94294744
40.4406431,,-79.94294275
40.44064211,,-79.94293795
40.44064117,,-79.94293323
40.44064024,,-79.94292855
40.44063937,,-79.94292384
40.44063849,,-79.94291928
40.44063763,,-79.9429145
40.44063668,,-79.94290994
40.44063572,,-79.94290534
40.44063475,,-79.94290069
40.44063379,,-79.94289604
40.44063275,,-79.94289127
40.4406317,,-79.94288645
40.44063066,,-79.94288153
40.44062955,,-79.94287658
40.44062839,,-79.94287173
40.44062744,,-79.94286681
40.44062629,,-79.94286205
40.44062514,,-79.94285722
40.44062411,,-79.94285245
40.44062319,,-79.94284778
40.44062212,,-79.94284317
40.44062103,,-79.94283873
40.44062015,,-79.94283401
40.44061928,,-79.94282938
40.44061829,,-79.94282476
40.44061736,,-79.94282012
40.44061642,,-79.94281561
40.44061549,,-79.94281098
40.44061464,,-79.94280647
40.44061376,,-79.94280191
40.44061283,,-79.94279737
40.44061188,,-79.94279271
40.44061089,,-79.94278794
40.44060988,,-79.94278303
40.44060888,,-79.94277801
40.44060775,,-79.94277292
40.44060663,,-79.94276763
40.44060552,,-79.94276226
40.44060444,,-79.94275685
40.44060334,,-79.94275142
40.44060223,,-79.94274617
40.44060108,,-79.94274093
40.44060002,,-79.9427357
40.44059906,,-79.94273049
40.44059805,,-79.94272535
40.44059707,,-79.94272026
40.4405961,,-79.94271522
40.4405951,,-79.9427102
40.44059411,,-79.94270522
40.44059311,,-79.94270023
40.44059206,,-79.9426952
40.44059103,,-79.94269016
40.44058999,,-79.94268503
40.44058891,,-79.9426799
40.44058791,,-79.94267478
40.44058683,,-79.94266969
40.44058594,,-79.94266462
40.44058491,,-79.94265958
40.44058393,,-79.94265449
40.44058293,,-79.94264946
40.44058193,,-79.94264436
40.44058086,,-79.94263941
40.44057995,,-79.94263434
40.44057892,,-79.94262934
40.44057789,,-79.94262433
40.44057687,,-79.94261922
40.44057583,,-79.94261421
40.4405747,,-79.94260915
40.44057365,,-79.94260411
40.44057268,,-79.94259913
40.44057167,,-79.94259423
40.44057068,,-79.94258953
40.44056973,,-79.94258477
40.44056878,,-79.94258013
40.4405678,,-79.9425756
40.4405668,,-79.94257105
40.44056575,,-79.94256664
40.44056478,,-79.94256225
40.44056386,,-79.9425579
40.44056301,,-79.94255368
40.44056218,,-79.94254941
40.44056135,,-79.94254535
40.44056061,,-79.94254175
40.44056017,,-79.94253822
40.44055961,,-79.94253523
40.44055905,,-79.94253278
40.44055857,,-79.94253061
40.44055809,,-79.94252871
40.44055764,,-79.94252696
40.44055723,,-79.94252533
40.44055692,,-79.94252368
40.44055656,,-79.94252215
40.44055617,,-79.94252074
40.44055588,,-79.94251928
40.44055559,,-79.94251789
40.44055528,,-79.94251655
40.44055508,,-79.9425153
40.44055483,,-79.94251405
40.44055451,,-79.94251286
40.44055428,,-79.94251173
40.44055402,,-79.94251066
40.44055382,,-79.94250957
40.44055357,,-79.94250855
40.44055333,,-79.94250749
40.4405531,,-79.94250642
40.44055288,,-79.94250539
40.44055263,,-79.94250439
40.44055236,,-79.94250344
40.4405521,,-79.94250249
40.44055185,,-79.94250154
40.44055166,,-79.94250053
40.44055145,,-79.94249955
40.44055117,,-79.94249859
40.44055085,,-79.94249759
40.44055053,,-79.94249651
40.44055028,,-79.94249539
40.44054999,,-79.94249431
40.44054972,,-79.94249324
40.44054942,,-79.94249213
40.44054918,,-79.94249104
40.4405489,,-79.94248995
40.44054865,,-79.94248891
40.44054843,,-79.9424878
40.44054821,,-79.94248671
40.44054794,,-79.94248567
40.44054771,,-79.94248464
40.44054746,,-79.94248357
40.44054718,,-79.94248252
40.44054689,,-79.94248145
40.44054661,,-79.94248041
40.44054635,,-79.94247935
40.44054604,,-79.94247831
40.44054578,,-79.94247731
40.44054555,,-79.94247633
40.4405453,,-79.94247533
40.44054505,,-79.94247433
40.44054473,,-79.94247341
40.44054446,,-79.94247247
40.44054424,,-79.9424714
40.44054401,,-79.94247031
40.44054379,,-79.94246926
40.44054356,,-79.94246826
40.44054327,,-79.94246725
40.44054303,,-79.94246624
40.44054279,,-79.94246521
40.44054256,,-79.94246421
40.44054237,,-79.94246316
40.44054217,,-79.94246204
40.44054195,,-79.94246096
40.44054173,,-79.94245981
40.44054149,,-79.94245866
40.44054125,,-79.94245749
40.44054103,,-79.94245631
40.44054078,,-79.94245514
40.44054054,,-79.94245389
40.44054027,,-79.94245263
40.44054005,,-79.94245138
40.44053979,,-79.94245012
40.44053956,,-79.94244889
40.44053931,,-79.94244765
40.44053903,,-79.94244641
40.44053876,,-79.94244517
40.44053847,,-79.94244393
40.44053825,,-79.94244264
40.44053802,,-79.94244134
40.44053773,,-79.94244003
40.44053746,,-79.9424387
40.4405372,,-79.94243739
40.44053689,,-79.94243606
40.44053663,,-79.94243471
40.44053632,,-79.94243337
40.44053602,,-79.942432
40.4405357,,-79.94243063
40.4405354,,-79.94242922
40.4405351,,-79.9424278
40.4405348,,-79.9424264
40.44053446,,-79.94242496
40.44053411,,-79.94242352
40.44053378,,-79.94242209
40.44053349,,-79.94242071
40.44053318,,-79.94241928
40.44053289,,-79.9424179
40.44053263,,-79.94241651
40.44053235,,-79.94241516
40.44053206,,-79.94241379
40.44053174,,-79.94241238
40.44053145,,-79.94241092
40.44053117,,-79.9424095
40.44053092,,-79.94240812
40.44053066,,-79.94240674
40.44053039,,-79.94240541
40.44053016,,-79.94240404
40.44052992,,-79.94240265
40.44052968,,-79.94240126
40.44052944,,-79.94239996
40.44052917,,-79.94239859
40.4405289,,-79.9423972
40.44052863,,-79.94239587
40.4405284,,-79.94239454
40.44052814,,-79.94239319
40.4405279,,-79.94239182
40.44052768,,-79.94239047
40.44052738,,-79.94238916
40.44052708,,-79.94238779
40.44052679,,-79.94238644
40.44052652,,-79.94238515
40.44052629,,-79.94238383
40.44052603,,-79.94238252
40.44052576,,-79.94238126
40.44052553,,-79.94238005
40.44052529,,-79.94237887
40.44052504,,-79.94237767
40.44052485,,-79.94237647
40.44052464,,-79.94237533
40.44052448,,-79.94237413
40.44052435,,-79.94237295
40.44052425,,-79.9423718
40.44052414,,-79.94237066
40.44052406,,-79.94236956
40.44052395,,-79.94236847
40.44052389,,-79.9423674
40.44052385,,-79.94236634
40.4405238,,-79.94236528
40.44052376,,-79.94236422
40.44052372,,-79.9423631
40.44052366,,-79.94236193
40.44052362,,-79.94236072
40.44052357,,-79.94235947
40.44052351,,-79.94235817
40.44052352,,-79.94235683
40.44052351,,-79.94235547
40.44052348,,-79.94235411
40.44052352,,-79.94235269